{
  "trained": true,
  "n_samples": 3888,
  "feature_names": [
    "Age [years]",
    "Height [cm]",
    "Weight [kg]",
    "Ear/finger",
    "Glycaemia [mmol/l]",
    "SpO2 [%]",
    "Gender_num",
    "Motion_num"
  ],
  "target_name": "label",
  "labels": [
    "ht1",
    "ht2",
    "nt",
    "pt"
  ],
  "accuracies": {
    "knn": 0.9832904884318766,
    "svm": 0.8830334190231363,
    "xgboost": 0.9974293059125964,
    "cnn": 0.9773
  },
  "cv_accuracies": {
    "knn": 0.9713826366559486,
    "svm": 0.82475884244373,
    "xgboost": 0.9980707395498392,
    "cnn": 0.9773
  },
  "holdout_accuracies": {
    "knn": 0.9832904884318766,
    "svm": 0.8830334190231363,
    "xgboost": 0.9974293059125964,
    "cnn": 0.9773
  },
  "confusion_matrices": {
    "knn": [
      [
        228,
        0,
        3,
        4
      ],
      [
        0,
        108,
        0,
        0
      ],
      [
        4,
        0,
        325,
        0
      ],
      [
        1,
        0,
        1,
        104
      ]
    ],
    "svm": [
      [
        210,
        0,
        20,
        5
      ],
      [
        0,
        108,
        0,
        0
      ],
      [
        36,
        0,
        293,
        0
      ],
      [
        18,
        0,
        12,
        76
      ]
    ],
    "xgboost": [
      [
        235,
        0,
        0,
        0
      ],
      [
        0,
        108,
        0,
        0
      ],
      [
        0,
        0,
        329,
        0
      ],
      [
        2,
        0,
        0,
        104
      ]
    ],
    "cnn": [
      [
        7,
        0,
        0,
        0
      ],
      [
        0,
        4,
        0,
        0
      ],
      [
        0,
        0,
        15,
        1
      ],
      [
        0,
        0,
        0,
        17
      ]
    ]
  }
}